{
  "project_info": {
    "project_number": "183692591718",
    "firebase_url": "https://instagramcloning-d584e-default-rtdb.firebaseio.com",
    "project_id": "instagramcloning-d584e",
    "storage_bucket": "instagramcloning-d584e.appspot.com"
  },
  "client": [
    {
      "client_info": {
        "mobilesdk_app_id": "1:183692591718:android:ce5ff368d451e93103a3a7",
        "android_client_info": {
          "package_name": "com.example.instaclone"
        }
      },
      "oauth_client": [],
      "api_key": [
        {
          "current_key": "AIzaSyAfwLigMfFDk2l1M17tycr_H3ckTSgOBjc"
        }
      ],
      "services": {
        "appinvite_service": {
          "other_platform_oauth_client": []
        }
      }
    }
  ],
  "configuration_version": "1"
}